school_name,level,school_type,ode_school_id,nces_school_id,street_address,city,zip_code,latitude,longitude,is_closure_candidate,closure_rank,is_title_i,is_urm_building,urm_retrofit_cost_usd,seismic_retrofit_status,recent_boundary_change,programs,has_dli,dli_languages,has_focus_option,dli_students_2526,neighborhood_students_2526,pct_dli_2526,year_built,square_feet,construction_type_2009,students_per_sqft,enrollment_2024_25,enrollment_2025_26,enrollment_pct_change,enrollment_2018,enrollment_2019,enrollment_2020,enrollment_2021,enrollment_2022,enrollment_2023,ccd_enrollment_2022,pct_ela_prof_2425,pct_math_prof_2425,pct_ela_prof_2324,pct_math_prof_2324,n_ela_participants_2425,n_math_participants_2425,pct_regular_attenders_2425,pct_experienced_teachers_2425,pct_teacher_retention_2425,class_size_2425,crdc_lep_2020,crdc_idea_2020,crdc_chronic_absent_2020,pct_lep,pct_idea,counselors_fte_2021,social_workers_fte_2021,psychologists_fte_2021,nurses_fte_2021,suspensions_2021,chronic_absent_2021,enrollment_crdc_2021,frl_free_lunch,frl_reduced_lunch,frl_direct_certification,pct_free_lunch,pct_frl,pct_direct_cert,pct_ai_an,pct_asian,pct_nhpi,pct_black,pct_hispanic,pct_white,pct_multiracial,affordable_units_within_1mi,pipeline_affordable_units_within_1mi,pipeline_family_units_within_1mi,n_pipeline_projects_within_1mi,permits_units_within_1mi_since_2022,n_permits_within_1mi_since_2022
Rosa Parks Elementary School,elementary,Regular School,829.0,411004000872.0,8960 N Woolsey Ave,Portland,97203,45.58786,-122.712724,True,1.0,True,False,,,,,False,,False,,,,2006.0,46657.0,Wood,0.00343,172.0,160.0,-0.0698,275.0,278.0,266.0,214.0,197.0,177.0,197.0,17.3,11.1,17.0,13.8,83.0,83.0,50.0,70.0,71.0,14.5,72.0,42.0,110.0,0.45,0.2625,1.0,0.5,0.0,0.25,15.0,137.0,211.0,128.0,0.0,124.0,0.6497,0.6497,0.6294,0.0,0.03125,0.0125,0.35,0.36875,0.1375,0.1,1694,0,0,0,21,21
Whitman Elementary School,elementary,Regular School,900.0,411004000949.0,7326 SE Flavel St,Portland,97206,45.4681,-122.5873,True,2.0,True,False,,,,,False,,False,,,,1954.0,68763.0,Wood,0.00281,198.0,193.0,-0.0253,238.0,220.0,185.0,152.0,153.0,180.0,153.0,31.4,21.2,40.4,29.9,88.0,88.0,63.0,75.0,78.0,20.0,35.0,35.0,68.0,0.1813,0.1813,1.0,0.5,0.0,0.25,33.0,79.0,149.0,123.0,0.0,50.0,0.8039,0.8039,0.3268,0.02591,0.09845,0.02591,0.11399,0.23834,0.36269,0.13472,144,0,0,0,135,130
Skyline Elementary School,k8,Regular School,890.0,411004000938.0,11536 NW Skyline Blvd,Portland,97231,45.6077,-122.856472,True,3.0,False,False,,targeted,,,False,,False,,,,1939.0,37245.0,Wood,0.00556,226.0,207.0,-0.0841,274.0,248.0,181.0,205.0,215.0,218.0,215.0,74.7,63.0,71.7,62.0,146.0,146.0,83.0,85.0,80.0,22.0,0.0,29.0,16.0,0.0,0.1401,1.5,0.0,0.0,0.25,30.0,68.0,205.0,21.0,7.0,13.0,0.0977,0.1302,0.0605,0.0,0.03865,0.00483,0.02415,0.1256,0.66184,0.14493,0,0,0,0,17,15
Creston Elementary School,elementary,Regular School,843.0,411004000886.0,4701 SE Bush St,Portland,97206,45.4954,-122.6147,True,4.0,False,True,10970000.0,targeted,SEGC 2023,,False,,False,,,,1948.0,70765.0,Wood,0.00309,246.0,219.0,-0.1098,361.0,375.0,387.0,249.0,260.0,238.0,260.0,66.1,67.2,64.5,54.8,122.0,120.0,77.0,100.0,75.0,17.0,34.0,92.0,44.0,0.1553,0.4201,1.0,0.5,0.0,0.25,30.0,100.0,249.0,202.0,0.0,40.0,0.7769,0.7769,0.1538,0.0,0.05023,0.00913,0.02283,0.15068,0.6621,0.10502,76,180,4,2,325,97
Odyssey Program (K-8),k8,Program,,,5037 SW Iowa St,Portland,97221,45.4804,-122.729,True,5.0,False,False,,,,TAG / integrated focus,False,,True,,,,,,,,,217.0,,,,,,,,,,,,,,,,,,,,,,,,,,,,,,,,,,,0.0,,,,,,,,,126,0,0,0,222,100
Woodmere Elementary School,elementary,Regular School,903.0,411004000953.0,7900 SE Duke St,Portland,97206,45.4751,-122.5824,True,6.0,True,False,,,,,False,,False,,,,1954.0,55324.0,Wood,0.00409,241.0,226.0,-0.0622,301.0,273.0,269.0,253.0,234.0,248.0,234.0,27.7,21.6,28.9,25.9,120.0,117.0,57.0,67.0,85.0,17.0,64.0,66.0,81.0,0.2832,0.292,1.0,0.5,0.0,0.23,15.0,116.0,254.0,154.0,0.0,94.0,0.6581,0.6581,0.4017,0.00885,0.12389,0.00442,0.09735,0.24779,0.34513,0.17257,188,0,0,0,113,90
Arleta Elementary School,elementary,Regular School,826.0,411004000869.0,5109 SE 66th Ave,Portland,97206,45.4862,-122.5961,True,7.0,True,False,,targeted,,,False,,False,,,,1929.0,76489.0,LRCW,0.00301,252.0,230.0,-0.0873,490.0,525.0,485.0,270.0,256.0,274.0,256.0,47.4,47.4,51.0,42.6,137.0,135.0,70.0,85.0,68.0,20.0,42.0,94.0,123.0,0.1826,0.4087,1.5,0.0,0.0,0.25,33.0,117.0,269.0,168.0,0.0,48.0,0.6562,0.6562,0.1875,0.00435,0.03043,0.00435,0.02174,0.14783,0.61739,0.17391,114,0,0,0,110,108
Peninsula Elementary School,elementary,Regular School,879.0,411004000926.0,8125 N Emerald Ave,Portland,97217,45.5819,-122.700338,True,8.0,True,False,,,,,False,,False,,,,1952.0,70151.0,Wood,0.00341,235.0,239.0,0.017,265.0,265.0,237.0,201.0,225.0,234.0,225.0,50.9,36.4,57.1,36.2,109.0,108.0,66.0,81.0,83.0,15.0,14.0,70.0,51.0,0.0586,0.2929,1.0,0.5,0.0,0.25,51.0,91.0,198.0,145.0,0.0,45.0,0.6444,0.6444,0.2,0.01674,0.0251,0.00418,0.12971,0.20084,0.45188,0.17155,799,184,80,4,236,131
Chief Joseph Elementary School,elementary,Regular School,840.0,411004000883.0,2409 N Saratoga St,Portland,97217,45.5729,-122.6915,True,9.0,False,False,,targeted,,,False,,False,,,,1949.0,44412.0,Wood,0.00556,278.0,247.0,-0.1115,358.0,351.0,305.0,273.0,261.0,265.0,261.0,63.0,55.2,61.8,55.1,127.0,125.0,83.0,88.0,83.0,22.0,25.0,42.0,42.0,0.1012,0.17,1.0,0.5,0.0,0.25,15.0,85.0,268.0,168.0,0.0,36.0,0.6437,0.6437,0.1379,0.0,0.00405,0.01215,0.05263,0.12955,0.68826,0.11336,340,0,0,0,254,90
Lee Elementary School,elementary,Regular School,869.0,411004000914.0,2222 NE 92nd Ave,Portland,97220,45.5381,-122.5677,True,10.0,True,False,,,DBRAC 2018,,False,,False,,,,1953.0,73276.0,Wood,0.00343,257.0,251.0,-0.0233,276.0,269.0,263.0,236.0,274.0,289.0,274.0,47.1,41.5,37.4,31.7,137.0,135.0,65.0,93.0,86.0,21.0,66.0,39.0,53.0,0.2629,0.1554,0.0,0.5,0.0,0.27,42.0,99.0,235.0,201.0,0.0,64.0,0.7336,0.7336,0.2336,0.00398,0.09163,0.03984,0.13546,0.18725,0.43426,0.10757,767,0,0,0,40,39
Lent Elementary School,elementary,Regular School,870.0,411004000915.0,5105 SE 97th Ave,Portland,97266,45.4855,-122.5639,True,11.0,True,False,,full,SEGC 2023,Spanish DLI,True,Spanish,False,256.0,0.0,1.0,1949.0,74131.0,Wood,0.00345,256.0,256.0,0.0,506.0,475.0,476.0,278.0,251.0,273.0,251.0,46.5,36.6,44.7,39.3,145.0,142.0,73.0,85.0,56.0,21.5,127.0,84.0,121.0,0.4961,0.3281,1.0,0.5,0.0,0.23,96.0,111.0,275.0,191.0,0.0,107.0,0.761,0.761,0.4263,0.0,0.0,0.0,0.01563,0.68359,0.24219,0.05859,287,0,0,0,74,27
Irvington Elementary School,elementary,Regular School,861.0,411004000905.0,1320 NE Brazee St,Portland,97212,45.5402,-122.652,True,12.0,False,False,,,DBRAC 2018,,False,,False,,,,1932.0,65285.0,LRCW,0.00397,249.0,259.0,0.0402,339.0,325.0,320.0,248.0,228.0,235.0,228.0,66.4,57.8,62.8,55.3,128.0,128.0,75.0,79.0,84.0,22.0,11.0,52.0,23.0,0.0425,0.2008,1.0,0.0,0.0,0.27,9.0,60.0,248.0,46.0,1.0,32.0,0.2018,0.2061,0.1404,0.00386,0.01158,0.0,0.0888,0.12741,0.62162,0.14672,558,226,98,3,28,22
Lewis Elementary School,elementary,Regular School,871.0,411004000916.0,4401 SE Evergreen St,Portland,97206,45.4739,-122.6179,True,13.0,False,False,,full,,,False,,False,,,,1952.0,48380.0,Wood,0.00542,267.0,262.0,-0.0187,390.0,410.0,368.0,337.0,320.0,297.0,320.0,66.4,59.4,73.7,57.0,140.0,138.0,80.0,100.0,90.0,21.0,8.0,59.0,21.0,0.0305,0.2252,1.0,0.5,0.0,0.25,0.0,96.0,338.0,54.0,6.0,34.0,0.1688,0.1875,0.1062,0.0,0.06107,0.0,0.01527,0.12214,0.64885,0.15267,4,0,0,0,396,101
Forest Park Elementary School,elementary,Regular School,2413.0,411004001395.0,9935 NW Durrett St,Portland,97229,45.542628,-122.777668,True,14.0,False,False,,,,,False,,False,,,,1998.0,41898.0,Concrete,0.0063,302.0,264.0,-0.1258,418.0,402.0,348.0,333.0,328.0,321.0,328.0,83.7,77.7,79.5,78.4,167.0,167.0,86.0,89.0,82.0,23.5,27.0,36.0,6.0,0.1023,0.1364,1.5,0.0,0.0,0.25,0.0,30.0,332.0,10.0,1.0,6.0,0.0305,0.0335,0.0183,0.00379,0.19697,0.00379,0.03409,0.07955,0.54545,0.13636,0,0,0,0,15,15
Rieke Elementary School,elementary,Regular School,1299.0,411004000371.0,1405 SW Vermont,Portland,97219,45.4765,-122.6949,True,15.0,False,True,4160000.0,,,,False,,False,,,,1961.0,30647.0,Steel,0.00868,279.0,266.0,-0.0466,379.0,368.0,332.0,313.0,300.0,288.0,300.0,85.3,82.7,83.3,81.4,156.0,156.0,86.0,98.0,90.0,23.5,7.0,46.0,19.0,0.0263,0.1729,1.5,0.0,0.0,0.25,27.0,47.0,311.0,36.0,2.0,21.0,0.12,0.1267,0.07,0.0,0.03008,0.00752,0.03008,0.08647,0.72556,0.1203,176,0,0,0,147,55
Abernethy Elementary School,elementary,Regular School,822.0,411004000865.0,2421 SE Orange Ave,Portland,97214,45.5058,-122.6514,False,,False,False,,targeted,,,False,,False,,,,1925.0,48438.0,LRCW,0.00555,285.0,269.0,-0.0561,520.0,507.0,450.0,374.0,353.0,330.0,353.0,81.6,77.3,81.4,79.5,163.0,164.0,81.0,100.0,90.0,22.0,4.0,59.0,14.0,0.0149,0.2193,1.5,0.0,0.0,0.25,91.0,85.0,374.0,33.0,5.0,20.0,0.0935,0.1076,0.0567,0.00372,0.0223,0.0,0.01115,0.09294,0.75836,0.11152,50,88,0,1,191,92
Ainsworth Elementary School,elementary,Regular School,823.0,411004000866.0,2425 SW Vista Ave,Portland,97201,45.5098,-122.6996,False,,False,True,7870000.0,planned_targeted,,Spanish DLI,True,Spanish,False,287.0,278.0,0.5125,1912.0,55273.0,LRCW,0.01022,587.0,565.0,-0.0375,625.0,642.0,598.0,552.0,563.0,585.0,563.0,78.5,76.4,79.8,72.3,302.0,301.0,85.0,83.0,84.0,24.5,54.0,68.0,40.0,0.0956,0.1204,1.0,0.0,0.0,0.25,0.0,98.0,551.0,48.0,4.0,19.0,0.0853,0.0924,0.0337,0.00354,0.04425,0.0,0.02655,0.26903,0.53097,0.12566,1216,191,0,2,220,14
Alameda Elementary School,elementary,Regular School,824.0,411004000867.0,2732 NE Fremont St,Portland,97212,45.5478,-122.6374,False,,False,False,,full,,,False,,False,,,,1921.0,60840.0,Wood,0.00846,498.0,515.0,0.0341,730.0,704.0,624.0,525.0,538.0,521.0,538.0,84.0,81.1,78.8,78.2,244.0,243.0,88.0,97.0,86.0,24.0,3.0,75.0,32.0,0.0058,0.1456,2.0,0.0,0.0,0.25,6.0,80.0,527.0,370.0,0.0,14.0,0.6877,0.6877,0.026,0.00388,0.01748,0.00194,0.01359,0.08544,0.75146,0.12621,0,0,0,0,50,47
Alliance High School,alternative,Alternative School,4507.0,411004001652.0,4039 NE Alberta Ct,Portland,97211,45.5586,-122.6221,False,,False,False,,,,,False,,False,,,,1953.0,32477.0,Wood,0.00662,197.0,215.0,0.0914,197.0,213.0,215.0,167.0,193.0,193.0,193.0,,,33.3,,,,6.0,91.0,89.0,39.0,8.0,61.0,104.0,0.0372,0.2837,4.0,3.0,0.0,0.5,34.0,227.0,165.0,135.0,0.0,55.0,0.6995,0.6995,0.285,0.0,0.0186,0.0,0.09767,0.24186,0.47907,0.16279,620,168,120,2,436,264
Astor Elementary School,k8,Regular School,827.0,411004000870.0,5601 N Yale St,Portland,97203,45.5788,-122.7297,False,,False,False,,,,,False,,False,,,,1949.0,47360.0,Wood,0.00847,413.0,401.0,-0.0291,434.0,416.0,395.0,393.0,368.0,375.0,368.0,54.7,46.7,52.8,47.5,277.0,272.0,71.0,89.0,89.0,25.0,15.0,75.0,76.0,0.0374,0.187,1.5,0.5,0.0,0.25,9.0,154.0,392.0,237.0,0.0,54.0,0.644,0.644,0.1467,0.02993,0.01496,0.00249,0.06983,0.14963,0.59352,0.13965,293,0,0,0,177,114
Atkinson Elementary School,elementary,Regular School,828.0,411004000871.0,5800 SE Division St,Portland,97206,45.505026,-122.604783,False,,True,False,,,,Spanish DLI,True,Spanish,False,178.0,188.0,0.4863,1952.0,58057.0,Wood,0.0063,372.0,366.0,-0.0161,419.0,391.0,392.0,344.0,337.0,366.0,337.0,60.8,53.6,60.1,59.4,171.0,170.0,71.0,91.0,85.0,18.0,42.0,74.0,41.0,0.1148,0.2022,1.0,0.0,0.0,0.25,6.0,85.0,341.0,69.0,11.0,30.0,0.2047,0.2374,0.089,0.0,0.00546,0.00546,0.01093,0.37978,0.53005,0.06831,113,14,4,1,52,50
Beach Elementary School,k8,Regular School,830.0,411004000873.0,1710 N Humboldt St,Portland,97217,45.5581,-122.6855,False,,False,True,1350000.0,planned_targeted,,Spanish DLI,True,Spanish,False,155.0,133.0,0.5382,1928.0,66633.0,LRCW,0.00432,295.0,288.0,-0.0237,432.0,433.0,382.0,351.0,346.0,325.0,346.0,54.9,50.3,55.2,50.3,174.0,174.0,76.0,92.0,86.0,23.0,51.0,54.0,43.0,0.1771,0.1875,1.0,0.5,0.0,0.25,0.0,83.0,351.0,226.0,0.0,75.0,0.6532,0.6532,0.2168,0.0,0.01736,0.0,0.11111,0.30208,0.45833,0.11111,1100,197,48,3,411,79
Beaumont Middle School,middle,Regular School,831.0,411004000874.0,4043 NE Fremont St,Portland,97212,45.5489,-122.6208,False,,False,False,,,,Spanish DLI,True,Spanish,False,101.0,315.0,0.2428,1926.0,94431.0,LRCW,0.00441,435.0,416.0,-0.0437,571.0,573.0,518.0,469.0,446.0,434.0,446.0,65.1,60.5,60.0,53.9,418.0,417.0,78.0,96.0,77.0,26.0,67.0,80.0,114.0,0.1611,0.1923,2.0,0.5,0.0,0.27,294.0,153.0,466.0,290.0,0.0,58.0,0.6502,0.6502,0.13,0.0024,0.00721,0.0024,0.03846,0.23798,0.58654,0.125,747,84,60,1,220,118
Benson Polytechnic High School,high,Regular School,906.0,411004000956.0,3905 SE 91st Ave,Portland,97266,45.493749,-122.572439,False,,False,False,,full,,,False,,False,,,,1916.0,402846.0,URM,0.00254,896.0,1024.0,0.1429,1036.0,1052.0,1005.0,899.0,824.0,818.0,824.0,42.5,25.0,39.4,15.7,153.0,116.0,59.0,90.0,87.0,26.0,70.0,194.0,492.0,0.0684,0.1895,3.0,1.0,0.0,1.0,174.0,407.0,898.0,534.0,0.0,122.0,0.6481,0.6481,0.1481,0.00293,0.04395,0.00391,0.10156,0.25781,0.47461,0.11523,1884,124,49,2,481,130
Beverly Cleary School ,other,Regular School,857.0,411004000901.0,1915 NE 33rd,Portland,97212,45.5369,-122.6315,False,,False,False,,,,,False,,False,,,,1911.0,73091.0,URM,0.00657,535.0,480.0,-0.1028,782.0,743.0,691.0,656.0,604.0,558.0,604.0,78.3,70.9,74.9,71.5,404.0,402.0,88.0,100.0,92.0,28.0,9.0,91.0,37.0,0.0187,0.1896,2.0,0.0,0.0,0.54,0.0,101.0,656.0,41.0,8.0,18.0,0.0679,0.0811,0.0298,0.0,0.04375,0.0,0.02292,0.07292,0.71042,0.15,862,222,100,1,47,10
Boise-Eliot Elementary School,elementary,Regular School,833.0,411004000876.0,620 N Fremont,Portland,97227,45.5479,-122.6727,False,,True,False,,targeted,DBRAC 2018,,False,,False,,,,1926.0,61369.0,LRCW,0.00481,313.0,295.0,-0.0575,310.0,325.0,329.0,323.0,326.0,307.0,326.0,19.9,14.8,23.6,21.6,154.0,152.0,43.0,100.0,91.0,21.0,13.0,56.0,129.0,0.0441,0.1898,1.0,0.0,0.0,0.25,126.0,188.0,321.0,232.0,0.0,159.0,0.7117,0.7117,0.4877,0.00678,0.01017,0.0,0.41356,0.19661,0.2339,0.13898,2291,282,104,7,763,157
Bridger Creative Science School,k8,Regular School,834.0,411004000877.0,7910 SE Market St,Portland,97215,45.5106,-122.5821,False,,False,False,,full,SEGC 2023,Creative Science focus,False,,True,,,,1955.0,50595.0,Masonry,0.00882,474.0,446.0,-0.0591,504.0,515.0,515.0,335.0,329.0,514.0,329.0,55.5,42.9,52.9,37.4,277.0,276.0,78.0,70.0,52.0,23.0,79.0,69.0,78.0,0.1771,0.1547,1.0,0.5,0.0,0.25,73.0,116.0,331.0,215.0,0.0,55.0,0.6535,0.6535,0.1672,0.00897,0.06502,0.00673,0.03363,0.09417,0.69507,0.09641,0,60,20,1,140,17
Bridlemile Elementary School,elementary,Regular School,835.0,411004000878.0,4300 SW 47th Dr,Portland,97221,45.4918,-122.7243,False,,False,False,,targeted,,,False,,False,,,,1958.0,58057.0,Wood,0.00729,418.0,423.0,0.012,518.0,508.0,437.0,435.0,458.0,446.0,458.0,77.9,73.7,76.4,71.2,213.0,213.0,84.0,88.0,86.0,20.0,21.0,63.0,36.0,0.0496,0.1489,1.0,0.0,0.0,0.25,15.0,102.0,435.0,54.0,6.0,21.0,0.1179,0.131,0.0459,0.00473,0.03783,0.0,0.0331,0.09456,0.70922,0.12057,97,0,0,0,23,23
Buckman Elementary School,elementary,Regular School,837.0,411004000880.0,320 SE 16th Ave,Portland,97214,45.5204,-122.649,False,,True,True,19750000.0,targeted,,Arts focus,False,,True,,,,1921.0,82023.0,LRCW,0.00345,306.0,283.0,-0.0752,450.0,427.0,448.0,400.0,395.0,371.0,395.0,54.0,44.0,54.9,46.4,176.0,175.0,73.0,86.0,85.0,15.0,11.0,81.0,56.0,0.0389,0.2862,1.0,0.5,0.0,0.25,138.0,129.0,400.0,257.0,0.0,69.0,0.6506,0.6506,0.1747,0.01413,0.02473,0.00353,0.04594,0.13781,0.62544,0.14841,2743,160,25,7,869,37
Capitol Hill Elementary School,elementary,Regular School,838.0,411004000881.0,8401 SW 17th Ave,Portland,97219,45.4643,-122.6957,False,,False,True,3430000.0,planned_targeted,,,False,,False,,,,1917.0,46379.0,Wood,0.00709,323.0,329.0,0.0186,443.0,416.0,346.0,324.0,333.0,361.0,333.0,67.5,62.1,64.0,60.2,160.0,161.0,85.0,100.0,84.0,23.5,11.0,26.0,20.0,0.0334,0.079,1.0,0.5,0.0,0.25,3.0,90.0,323.0,51.0,6.0,29.0,0.1532,0.1712,0.0871,0.0,0.0304,0.0,0.02432,0.11854,0.70213,0.12462,553,100,40,1,120,94
Chapman Elementary School,elementary,Regular School,839.0,411004000882.0,1445 NW 26th Ave,Portland,97210,45.5332,-122.7055,False,,True,False,,targeted,,,False,,False,,,,1923.0,59969.0,LRCW,0.00555,353.0,333.0,-0.0567,484.0,484.0,375.0,341.0,350.0,344.0,350.0,45.5,39.8,49.3,40.0,171.0,169.0,63.0,68.0,88.0,22.0,20.0,39.0,85.0,0.0601,0.1171,1.5,0.0,0.0,0.25,48.0,158.0,341.0,227.0,0.0,100.0,0.6486,0.6486,0.2857,0.02102,0.05405,0.00901,0.09309,0.17417,0.46547,0.18318,12730,852,103,10,1693,44
Clark Elementary School,elementary,Regular School,5817.0,,1231 SE 92nd Ave,Portland,97216,45.5133327,-122.5706442,False,,True,False,,,SEGC 2023,Chinese DLI,True,Chinese,False,91.0,272.0,0.25,,,,,330.0,363.0,0.1,,,,,,,,22.9,20.2,25.5,26.8,177.0,175.0,61.0,87.0,-1.0,20.5,,,,,,,,,,,,,,,,,0.0,,0.00826,0.24518,0.0854,0.1708,0.15978,0.21763,0.11295,419,0,0,0,157,66
Cleveland High School,high,Regular School,909.0,411004000958.0,3400 SE 26th Ave,Portland,97202,45.4985,-122.6391,False,,False,False,,targeted,,,False,,False,115.0,1336.0,0.0793,1928.0,251892.0,LRCW,0.00576,1421.0,1451.0,0.0211,1649.0,1559.0,1582.0,1625.0,1547.0,1472.0,1547.0,67.2,41.5,64.6,46.7,260.0,183.0,66.0,91.0,87.0,27.0,23.0,187.0,610.0,0.0159,0.1289,5.5,1.0,0.0,1.0,56.0,678.0,1619.0,226.0,36.0,111.0,0.1461,0.1694,0.0718,0.00207,0.06685,0.00207,0.0317,0.07994,0.70503,0.11234,4200,544,128,11,2257,725
César Chávez K-8 School,k8,Regular School,841.0,411004000884.0,5103 N Willis Blvd,Portland,97203,45.5844,-122.7195,False,,True,False,,targeted,,Spanish DLI,True,Spanish,False,300.0,143.0,0.6772,1928.0,75814.0,LRCW,0.00584,453.0,443.0,-0.0221,550.0,549.0,543.0,490.0,466.0,481.0,466.0,20.9,13.0,21.0,11.2,305.0,302.0,65.0,64.0,75.0,20.0,192.0,68.0,198.0,0.4334,0.1535,2.0,0.0,0.0,0.25,427.0,270.0,487.0,301.0,0.0,167.0,0.6459,0.6459,0.3584,0.00226,0.02032,0.01129,0.11964,0.63883,0.15576,0.05192,295,58,30,1,65,41
Dr. Martin Luther King Jr. School,elementary,Regular School,866.0,411004000911.0,4906 NE 6th Ave,Portland,97211,45.5581,-122.659,False,,True,False,,targeted,DBRAC 2018,Chinese DLI,True,Chinese,False,193.0,126.0,0.605,1925.0,88957.0,LRCW,0.00359,312.0,319.0,0.0224,311.0,321.0,319.0,297.0,302.0,305.0,302.0,39.3,34.5,40.6,34.4,145.0,145.0,67.0,80.0,87.0,20.0,52.0,38.0,98.0,0.163,0.1191,1.5,0.0,0.0,0.25,18.0,104.0,297.0,220.0,0.0,99.0,0.7285,0.7285,0.3278,0.0,0.04702,0.00627,0.31348,0.19436,0.24138,0.19749,543,52,0,1,63,47
Duniway Elementary School,elementary,Regular School,844.0,411004000887.0,7700 SE Reed College Pl,Portland,97202,45.4687,-122.6289,False,,False,False,,targeted,,,False,,False,,,,1926.0,67492.0,LRCW,0.00536,387.0,362.0,-0.0646,504.0,511.0,467.0,436.0,422.0,409.0,422.0,70.1,71.9,69.1,67.6,211.0,210.0,88.0,94.0,87.0,27.5,12.0,65.0,30.0,0.0331,0.1796,1.0,0.5,0.0,0.25,3.0,90.0,436.0,37.0,4.0,22.0,0.0877,0.0972,0.0521,0.00829,0.01381,0.00276,0.0,0.05525,0.77624,0.14365,326,0,0,0,99,66
Faubion Elementary School,k8,Regular School,847.0,411004000890.0,2930 NE Dekum St,Portland,97211,45.570756,-122.634699,False,,True,False,,full,DBRAC 2018,,False,,False,,,,1950.0,57846.0,Wood,0.01037,585.0,600.0,0.0256,678.0,701.0,701.0,626.0,610.0,570.0,610.0,22.9,16.5,20.8,16.4,388.0,380.0,56.0,78.0,84.0,23.0,100.0,123.0,269.0,0.1667,0.205,3.0,0.0,0.0,0.25,186.0,314.0,623.0,443.0,0.0,225.0,0.7262,0.7262,0.3689,0.01167,0.01333,0.035,0.225,0.29333,0.27167,0.15,108,97,4,2,516,50
Franklin High School,high,Regular School,911.0,411004000960.0,5405 SE Woodward St,Portland,97206,45.502271,-122.606886,False,,False,False,,full,,,False,,False,202.0,1575.0,0.1135,1915.0,237027.0,URM,0.0075,1807.0,1777.0,-0.0166,1851.0,1932.0,1999.0,2009.0,1966.0,1811.0,1966.0,49.0,16.7,50.6,21.9,292.0,247.0,57.0,89.0,88.0,24.0,118.0,250.0,-1.0,0.0664,0.1407,7.0,2.0,0.0,1.0,179.0,982.0,2003.0,620.0,100.0,300.0,0.3154,0.3662,0.1526,0.00338,0.10411,0.01294,0.04277,0.19809,0.53348,0.10523,2989,534,175,9,1424,598
George Middle School,middle,Regular School,849.0,411004000893.0,10000 N Burr,Portland,97203,45.5961,-122.7367,False,,True,True,11180000.0,,,Spanish DLI,True,Spanish,False,109.0,247.0,0.3045,1950.0,78713.0,URM,0.00452,400.0,356.0,-0.11,421.0,439.0,431.0,390.0,387.0,364.0,387.0,25.4,14.1,19.2,10.9,373.0,376.0,53.0,67.0,76.0,24.0,81.0,101.0,214.0,0.2275,0.2837,2.0,1.0,0.0,0.25,492.0,224.0,389.0,249.0,0.0,131.0,0.6434,0.6434,0.3385,0.00281,0.03371,0.00843,0.16292,0.46629,0.19663,0.12921,2841,0,0,0,275,247
Glencoe Elementary School,elementary,Regular School,850.0,411004000894.0,825 SE 51st Ave,Portland,97215,45.5172,-122.6108,False,,False,False,,targeted,,,False,,False,,,,1923.0,63482.0,LRCW,0.00537,357.0,341.0,-0.0448,451.0,449.0,396.0,374.0,394.0,372.0,394.0,78.6,75.0,67.9,65.2,196.0,196.0,84.0,100.0,82.0,23.0,13.0,73.0,3.0,0.0381,0.2141,1.0,0.0,0.0,0.25,15.0,68.0,373.0,65.0,7.0,38.0,0.165,0.1827,0.0964,0.0,0.01466,0.0,0.04985,0.10557,0.74194,0.08798,941,0,0,0,245,78
Grant High School,high,Regular School,912.0,411004000962.0,2245 NE 36th Ave,Portland,97212,45.539,-122.6268,False,,False,False,,full,,,False,,False,265.0,1809.0,0.1278,1923.0,269350.0,URM,0.0077,2149.0,2074.0,-0.0349,1636.0,1811.0,1966.0,2124.0,2156.0,2179.0,2156.0,71.4,46.7,76.3,40.4,422.0,408.0,64.0,93.0,91.0,28.0,11.0,155.0,429.0,0.0053,0.0747,7.0,1.0,0.0,1.0,97.0,816.0,2123.0,267.0,36.0,91.0,0.1238,0.1405,0.0422,0.00193,0.02507,0.00145,0.06075,0.08582,0.66779,0.15718,903,350,163,2,357,91
Gray Middle School,middle,Regular School,852.0,411004000896.0,5505 SW 23rd Ave,Portland,97239,45.4824,-122.7013,False,,False,False,,,,,False,,False,,,,1952.0,60624.0,Wood,0.00713,439.0,432.0,-0.0159,542.0,568.0,509.0,478.0,483.0,471.0,483.0,70.7,57.3,71.7,55.2,444.0,439.0,69.0,95.0,83.0,28.0,11.0,74.0,133.0,0.0255,0.1713,2.0,0.0,0.0,0.25,138.0,146.0,476.0,95.0,5.0,33.0,0.1967,0.207,0.0683,0.00694,0.03009,0.00231,0.03935,0.11111,0.69907,0.11111,546,0,0,0,214,112
Grout Elementary School,elementary,Regular School,854.0,411004000898.0,3119 SE Holgate Blvd,Portland,97202,45.490972,-122.633139,False,,True,False,,,,,False,,False,,,,1927.0,65838.0,LRCW,0.00497,295.0,327.0,0.1085,382.0,370.0,350.0,341.0,316.0,302.0,316.0,56.2,53.1,50.0,50.6,150.0,149.0,65.0,78.0,83.0,19.0,47.0,68.0,70.0,0.1437,0.208,1.0,1.0,0.0,0.25,111.0,113.0,340.0,220.0,0.0,72.0,0.6962,0.6962,0.2278,0.00917,0.09786,0.02446,0.0581,0.17125,0.49847,0.14067,512,286,100,2,249,112
Harriet Tubman Middle School,middle,Regular School,894.0,411004001315.0,2231 N Flint,Portland,97227,45.539001,-122.668809,False,,True,False,,targeted,DBRAC 2018,Chinese DLI,True,Chinese,False,48.0,355.0,0.1194,1954.0,94775.0,Concrete,0.00425,329.0,403.0,0.2249,491.0,429.0,444.0,387.0,360.0,321.0,360.0,46.8,45.2,37.2,32.4,314.0,309.0,64.0,93.0,79.0,22.0,27.0,66.0,161.0,0.067,0.1638,2.0,0.5,0.0,0.25,162.0,189.0,386.0,233.0,0.0,75.0,0.6472,0.6472,0.2083,0.00744,0.02233,0.0,0.25062,0.15633,0.43176,0.13151,3792,600,202,12,941,273
Harrison Park School,middle,Regular School,842.0,411004000885.0,2225 SE 87th Ave,Portland,97216,45.506762,-122.574963,False,,True,False,,targeted,SEGC 2023,Chinese DLI,True,Chinese,False,111.0,309.0,0.2649,1949.0,109059.0,Wood,0.00385,372.0,420.0,0.129,659.0,637.0,596.0,545.0,573.0,321.0,573.0,48.8,40.5,50.9,33.2,380.0,383.0,77.0,74.0,66.0,22.5,195.0,101.0,90.0,0.4643,0.2405,2.0,1.0,0.0,0.25,156.0,297.0,526.0,377.0,0.0,231.0,0.6579,0.6579,0.4031,0.00238,0.2119,0.03333,0.12619,0.14762,0.35714,0.12143,784,200,76,4,539,251
Hayhurst Elementary School,elementary,Regular School,855.0,411004000899.0,5037 SW Iowa St,Portland,97221,45.4804,-122.729,False,,False,True,520000.0,full,,,False,,False,,,,1954.0,56266.0,Wood,0.00903,525.0,508.0,-0.0324,628.0,640.0,624.0,574.0,575.0,562.0,575.0,67.3,61.6,69.2,63.2,319.0,315.0,77.0,88.0,81.0,24.0,23.0,90.0,54.0,0.0453,0.1772,2.0,0.0,0.0,0.5,67.0,170.0,571.0,226.0,0.0,56.0,0.393,0.393,0.0974,0.00591,0.02756,0.00394,0.04134,0.09843,0.66929,0.15354,273,0,0,0,52,42
Hosford Middle School,middle,Regular School,858.0,411004000902.0,2303 SE 28th Pl,Portland,97214,45.5062,-122.6371,False,,False,False,,targeted,,,False,,False,,,,1925.0,77050.0,LRCW,0.00685,537.0,528.0,-0.0168,588.0,651.0,675.0,630.0,566.0,517.0,566.0,66.0,51.2,54.3,44.0,520.0,522.0,75.0,92.0,80.0,28.0,29.0,118.0,109.0,0.0549,0.2235,3.0,0.0,0.0,0.25,143.0,195.0,626.0,134.0,21.0,65.0,0.2367,0.2739,0.1148,0.00379,0.05114,0.00758,0.02652,0.10606,0.69697,0.10795,3381,714,129,12,1634,338
Ida B. Wells-Barnett High School,high,Regular School,922.0,411004000975.0,1151 SW Vermont St,Portland,97219,45.477443,-122.689848,False,,False,False,,targeted,,,False,,False,,,,1954.0,326062.0,Concrete,0.00483,1650.0,1574.0,-0.0461,1534.0,1554.0,1540.0,1598.0,1556.0,1650.0,1556.0,54.8,30.1,36.5,22.2,291.0,260.0,62.0,83.0,87.0,27.0,28.0,165.0,566.0,0.0178,0.1048,6.0,1.0,0.0,1.0,190.0,688.0,1589.0,191.0,29.0,91.0,0.1228,0.1414,0.0585,0.0,0.02922,0.00572,0.04765,0.09085,0.71347,0.11309,1188,472,277,5,774,380
Jackson Middle School,middle,Regular School,1277.0,411004001365.0,10625 SW 35th,Portland,97219,45.448557,-122.714215,False,,False,False,,targeted,,,False,,False,,,,1966.0,247779.0,Concrete,0.00278,715.0,688.0,-0.0378,747.0,793.0,803.0,753.0,791.0,710.0,791.0,66.5,56.3,63.5,57.8,699.0,695.0,76.0,91.0,89.0,29.0,18.0,117.0,170.0,0.0262,0.1701,3.5,0.0,0.0,0.25,171.0,237.0,752.0,174.0,29.0,74.0,0.22,0.2566,0.0936,0.00291,0.01744,0.01017,0.05523,0.11337,0.65698,0.1439,642,472,277,5,560,268
James John Elementary School,elementary,Regular School,862.0,411004000906.0,7439 N Charleston Ave,Portland,97203,45.5904,-122.752,False,,True,True,1020000.0,targeted,,Spanish DLI,True,Spanish,False,133.0,231.0,0.3644,1929.0,63697.0,LRCW,0.00571,367.0,364.0,-0.0082,347.0,351.0,318.0,332.0,337.0,349.0,337.0,32.8,23.4,27.4,27.7,181.0,179.0,62.0,85.0,86.0,22.0,73.0,73.0,75.0,0.2005,0.2005,1.0,0.5,0.0,0.25,147.0,146.0,332.0,221.0,0.0,102.0,0.6558,0.6558,0.3027,0.00824,0.01374,0.00275,0.07692,0.47802,0.31868,0.10165,456,0,0,0,185,161
Jefferson High School,high,Regular School,913.0,411004000964.0,5210 N Kerby Ave,Portland,97217,45.560536,-122.671936,False,,True,False,,,,,False,,False,14.0,376.0,0.0358,1909.0,360911.0,URM,0.00108,456.0,390.0,-0.1447,653.0,639.0,620.0,593.0,606.0,525.0,606.0,22.2,14.6,13.0,8.0,91.0,82.0,37.0,78.0,79.0,19.0,40.0,75.0,247.0,0.1026,0.1923,2.5,1.25,0.0,1.0,168.0,414.0,588.0,391.0,0.0,177.0,0.6452,0.6452,0.2921,0.00513,0.01795,0.00769,0.44615,0.20256,0.18462,0.1359,4089,339,80,7,1037,325
Kellogg Middle School,middle,Regular School,863.0,411004001922.0,3330 SE 69th,Portland,97206,45.498264,-122.591499,False,,True,False,,full,SEGC 2023,Spanish DLI,True,Spanish,False,201.0,332.0,0.3785,1913.0,94592.0,Concrete,0.00563,592.0,533.0,-0.0997,,,,691.0,658.0,677.0,658.0,46.8,35.1,41.3,29.2,586.0,582.0,65.0,89.0,72.0,25.0,,,,,,3.0,1.0,0.0,0.25,257.0,280.0,691.0,435.0,0.0,122.0,0.6611,0.6611,0.1854,0.0,0.08068,0.01501,0.04315,0.34522,0.41839,0.09756,1072,64,29,1,295,174
Kelly Elementary School,elementary,Regular School,864.0,411004000909.0,9030 SE Cooper St,Portland,97266,45.4729,-122.5704,False,,True,True,1930000.0,planned_targeted,,Russian DLI,True,Russian,False,143.0,268.0,0.3479,1952.0,82895.0,Wood,0.00496,385.0,411.0,0.0675,498.0,476.0,424.0,381.0,355.0,377.0,355.0,29.7,29.0,28.6,19.9,200.0,198.0,54.0,88.0,82.0,22.0,181.0,66.0,140.0,0.4404,0.1606,2.0,0.0,0.0,0.23,81.0,218.0,376.0,296.0,0.0,116.0,0.8338,0.8338,0.3268,0.0073,0.09732,0.0146,0.10949,0.22871,0.47445,0.06813,400,30,30,1,70,31
Lane Middle School,middle,Regular School,1243.0,411004000912.0,7200 SE 60th Ave,Portland,97206,45.4713,-122.6016,False,,True,False,,,SEGC 2023,Russian DLI,True,Russian,False,36.0,414.0,0.0805,1927.0,87438.0,LRCW,0.00515,417.0,450.0,0.0791,433.0,434.0,411.0,369.0,334.0,391.0,334.0,30.3,22.5,32.3,17.9,385.0,380.0,55.0,84.0,71.0,23.0,71.0,81.0,134.0,0.1578,0.18,3.0,0.5,0.0,0.23,78.0,213.0,368.0,223.0,0.0,77.0,0.6677,0.6677,0.2305,0.00889,0.10889,0.01111,0.13556,0.24444,0.39556,0.09556,732,30,30,1,509,329
Laurelhurst Elementary School,k8,Regular School,868.0,411004000913.0,840 NE 41st Ave,Portland,97232,45.5291,-122.6198,False,,False,False,,targeted,,,False,,False,,,,1923.0,44251.0,LRCW,0.01388,660.0,614.0,-0.0697,692.0,698.0,687.0,651.0,674.0,658.0,674.0,79.3,68.7,77.9,71.3,480.0,477.0,81.0,99.0,87.0,26.0,3.0,68.0,43.0,0.0049,0.1107,2.0,0.0,0.0,0.27,0.0,95.0,650.0,53.0,4.0,29.0,0.0786,0.0846,0.043,0.00326,0.03094,0.00163,0.02117,0.06515,0.73779,0.14007,41,128,63,1,260,34
Leodis V. McDaniel High School,high,Regular School,915.0,411004000968.0,3905 SE 91st Ave,Portland,97266,45.541967,-122.580962,False,,False,False,,full,,,False,,False,239.0,1387.0,0.1467,1955.0,370112.0,Concrete,0.00439,1681.0,1626.0,-0.0327,1152.0,1070.0,1169.0,1377.0,1440.0,1649.0,1440.0,37.9,24.1,42.5,24.4,229.0,174.0,52.0,77.0,91.0,23.0,169.0,166.0,885.0,0.1039,0.1021,5.5,3.0,0.0,1.0,275.0,826.0,1365.0,936.0,0.0,257.0,0.65,0.65,0.1785,0.00738,0.11255,0.01722,0.12546,0.27429,0.377,0.0861,3047,270,132,4,823,435
Lincoln High School,high,Regular School,914.0,411004000966.0,1750 SW Salmon St.,Portland,97205,45.519344,-122.691262,False,,False,False,,full,,,False,,False,178.0,1470.0,0.1081,1951.0,233293.0,Concrete,0.00706,1611.0,1648.0,0.023,1698.0,1588.0,1482.0,1461.0,1525.0,1579.0,1525.0,70.4,40.3,65.1,38.0,319.0,238.0,66.0,90.0,91.0,25.0,25.0,80.0,596.0,0.0152,0.0485,6.0,1.0,0.0,1.0,64.0,519.0,1463.0,151.0,17.0,57.0,0.099,0.1102,0.0374,0.00364,0.08981,0.0,0.04915,0.11104,0.60316,0.1432,13946,1043,103,12,1953,96
Llewellyn Elementary School,elementary,Regular School,872.0,411004000917.0,6301 SE 14th Ave,Portland,97202,45.4772,-122.6523,False,,False,False,,,,,False,,False,,,,1928.0,49755.0,LRCW,0.00693,373.0,345.0,-0.0751,485.0,509.0,461.0,395.0,413.0,393.0,413.0,77.3,75.6,80.6,71.0,207.0,201.0,79.0,100.0,91.0,21.0,7.0,83.0,1.0,0.0203,0.2406,2.0,0.0,0.0,0.25,33.0,113.0,396.0,51.0,7.0,24.0,0.1235,0.1404,0.0581,0.0058,0.02029,0.0,0.01739,0.09565,0.77681,0.08406,417,10,3,1,136,124
Maplewood Elementary School,elementary,Regular School,873.0,411004000918.0,7452 SW 52nd Ave,Portland,97219,45.4709,-122.7297,False,,False,False,,targeted,,,False,,False,,,,1948.0,34353.0,Wood,0.00838,296.0,288.0,-0.027,383.0,374.0,347.0,291.0,310.0,301.0,310.0,62.4,60.1,62.5,63.6,149.0,148.0,84.0,94.0,88.0,23.0,9.0,38.0,9.0,0.0312,0.1319,1.0,0.5,0.0,0.25,16.0,60.0,282.0,49.0,2.0,26.0,0.1581,0.1645,0.0839,0.00694,0.01389,0.0,0.01736,0.11111,0.67361,0.17708,47,0,0,0,246,80
Markham Elementary School,elementary,Regular School,1278.0,411004000919.0,10531 SW Capitol Hwy,Portland,97219,45.4492,-122.7255,False,,True,False,,targeted,,,False,,False,,,,1951.0,82794.0,Wood,0.00409,341.0,339.0,-0.0059,446.0,430.0,416.0,427.0,426.0,402.0,426.0,61.2,53.4,51.4,50.3,190.0,191.0,79.0,83.0,82.0,21.5,66.0,60.0,54.0,0.1947,0.177,1.0,0.0,0.0,0.25,39.0,108.0,419.0,277.0,0.0,84.0,0.6502,0.6502,0.1972,0.0,0.05605,0.02655,0.17109,0.14749,0.49263,0.10619,42,171,82,2,171,72
Marysville Elementary School,k8,Regular School,875.0,411004000920.0,7733 SE Raymond St,Portland,97206,45.4869,-122.5835,False,,True,True,1400000.0,full,SEGC 2023,,False,,False,,,,1921.0,53490.0,Wood,0.00568,318.0,304.0,-0.044,389.0,383.0,405.0,250.0,286.0,359.0,286.0,35.9,25.9,28.4,28.0,172.0,168.0,65.0,97.0,74.0,20.0,51.0,85.0,158.0,0.1678,0.2796,2.0,0.5,0.0,0.25,144.0,136.0,248.0,206.0,0.0,89.0,0.7203,0.7203,0.3112,0.01645,0.11513,0.05263,0.12171,0.21053,0.35526,0.12829,671,64,29,1,111,39
Metropolitan Learning Center,alternative,Alternative School,916.0,411004000967.0,2033 NW Glisan St,Portland,97209,45.5266,-122.6933,False,,False,False,,,,Alternative K-12 focus,False,,True,,,,1914.0,68135.0,LRCW,0.00404,319.0,275.0,-0.1379,406.0,390.0,377.0,341.0,348.0,337.0,348.0,58.4,44.7,62.2,42.9,209.0,208.0,66.0,88.0,84.0,20.0,4.0,86.0,65.0,0.0145,0.3127,3.0,1.0,0.0,0.25,30.0,110.0,341.0,54.0,3.0,24.0,0.1552,0.1638,0.069,0.0,0.00727,0.0,0.01455,0.11273,0.73455,0.13091,12779,852,103,10,1706,39
Mt Tabor Middle School,middle,Regular School,877.0,411004000922.0,5800 SE Ash St,Portland,97215,45.521059,-122.604261,False,,False,False,,targeted,,Japanese DLI,True,Japanese,False,222.0,208.0,0.5163,1952.0,83076.0,Wood,0.00518,466.0,430.0,-0.0773,741.0,724.0,721.0,645.0,606.0,504.0,606.0,68.0,63.0,71.2,60.7,462.0,459.0,77.0,100.0,84.0,27.0,28.0,89.0,73.0,0.0651,0.207,3.0,0.5,0.0,0.25,24.0,155.0,642.0,76.0,16.0,26.0,0.1254,0.1518,0.0429,0.0,0.05116,0.0,0.02093,0.10465,0.55814,0.26512,941,0,0,0,245,78
Ockley Green Middle School,middle,Regular School,878.0,411004000925.0,6031 N Montana,Portland,97217,45.567,-122.6807,False,,True,False,,targeted,DBRAC 2018,Spanish DLI,True,Spanish,False,63.0,397.0,0.137,1925.0,69153.0,LRCW,0.00665,409.0,460.0,0.1247,505.0,487.0,486.0,489.0,483.0,428.0,483.0,35.2,31.1,39.8,28.7,419.0,415.0,66.0,66.0,68.0,26.0,28.0,82.0,162.0,0.0609,0.1783,2.0,0.5,0.0,0.25,231.0,213.0,489.0,314.0,0.0,104.0,0.6501,0.6501,0.2153,0.0087,0.01739,0.01304,0.17174,0.18043,0.46957,0.13913,2630,381,128,7,973,371
Richmond Elementary School,elementary,Regular School,883.0,411004000930.0,2276 SE 41st Ave,Portland,97214,45.5064,-122.6199,False,,False,True,1720000.0,planned_targeted,,Japanese DLI,True,Japanese,False,512.0,0.0,1.0,1908.0,77070.0,Wood,0.00664,530.0,512.0,-0.034,632.0,627.0,601.0,551.0,539.0,537.0,539.0,73.5,69.4,74.0,68.9,239.0,236.0,85.0,83.0,87.0,26.5,-22.0,41.0,21.0,-0.043,0.0801,1.5,0.5,0.0,0.25,6.0,69.0,544.0,23.0,6.0,15.0,0.0427,0.0538,0.0278,0.0,0.09961,0.0,0.00977,0.06836,0.41992,0.40234,334,507,116,7,615,217
Rigler Elementary School,elementary,Regular School,884.0,411004000931.0,5401 NE Prescott St,Portland,97218,45.556,-122.6077,False,,True,True,2850000.0,targeted,,Spanish DLI,True,Spanish,False,289.0,2.0,1.0,1931.0,55312.0,LRCW,0.00526,303.0,291.0,-0.0396,328.0,307.0,270.0,241.0,223.0,255.0,223.0,35.8,36.1,29.1,30.6,142.0,142.0,73.0,92.0,80.0,22.0,126.0,36.0,7.0,0.433,0.1237,0.0,0.0,0.0,0.27,0.0,90.0,236.0,144.0,0.0,64.0,0.6457,0.6457,0.287,0.0,0.01031,0.0,0.03436,0.61512,0.30584,0.03436,747,84,60,1,170,71
Roosevelt High School,high,Regular School,918.0,411004001821.0,6941 N Central St,Portland,97203,45.58911,-122.738383,False,,True,False,,full,,,False,,False,299.0,1119.0,0.2107,1921.0,271306.0,URM,0.00523,1450.0,1418.0,-0.0221,994.0,1195.0,1293.0,1376.0,1484.0,1454.0,1484.0,28.5,8.9,25.2,,296.0,257.0,46.0,81.0,87.0,22.0,214.0,226.0,915.0,0.1509,0.1594,5.5,3.25,0.0,1.0,342.0,957.0,1374.0,968.0,0.0,336.0,0.6523,0.6523,0.2264,0.00564,0.01693,0.01269,0.1213,0.35825,0.3787,0.10649,3429,58,30,1,517,402
Rose City Park,elementary,Regular School,5427.0,411004001868.0,2334 NE 57th Ave,Portland,97212,45.539379,-122.604594,False,,False,True,20910000.0,planned_full,,Vietnamese DLI,True,Vietnamese,False,207.0,210.0,0.4964,1912.0,72053.0,URM,0.00579,448.0,417.0,-0.0692,531.0,538.0,527.0,466.0,467.0,464.0,467.0,52.9,56.4,57.6,59.5,228.0,224.0,80.0,86.0,90.0,20.0,92.0,73.0,67.0,0.2206,0.1751,2.0,0.0,0.0,0.27,21.0,122.0,460.0,301.0,0.0,53.0,0.6445,0.6445,0.1135,0.00719,0.32134,0.00959,0.02158,0.07914,0.45803,0.10312,300,0,0,0,78,55
Roseway Heights School,middle,Regular School,885.0,411004000932.0,7334 NE Siskiyou St,Portland,97213,45.544,-122.5876,False,,True,False,,,DBRAC 2018,Spanish DLI; Vietnamese DLI,True,Spanish; Vietnamese,False,157.0,415.0,0.2745,1923.0,95438.0,LRCW,0.00599,561.0,572.0,0.0196,587.0,615.0,614.0,592.0,576.0,549.0,576.0,38.8,28.2,31.8,22.7,485.0,464.0,54.0,80.0,79.0,25.0,86.0,97.0,250.0,0.1503,0.1696,2.0,1.0,0.0,0.27,281.0,289.0,587.0,379.0,0.0,112.0,0.658,0.658,0.1944,0.00874,0.12937,0.01748,0.09965,0.20979,0.42657,0.10839,1629,0,0,0,213,188
Sabin Elementary School,elementary,Regular School,886.0,411004000933.0,4013 NE 18th Ave,Portland,97212,45.5521,-122.6478,False,,False,True,2600000.0,targeted,DBRAC 2018,,False,,False,,,,1928.0,66929.0,LRCW,0.00403,293.0,270.0,-0.0785,452.0,416.0,361.0,342.0,312.0,302.0,312.0,64.7,57.2,65.6,59.1,168.0,167.0,72.0,92.0,79.0,16.0,10.0,56.0,42.0,0.037,0.2074,1.5,0.5,0.0,0.25,46.0,99.0,342.0,72.0,7.0,45.0,0.2308,0.2532,0.1442,0.01852,0.02222,0.0037,0.1037,0.09259,0.62593,0.13333,400,40,0,1,87,47
Scott Elementary School,elementary,Regular School,887.0,411004000935.0,6700 NE Prescott St,Portland,97218,45.5552,-122.5943,False,,True,False,,,DBRAC 2018,Spanish DLI,True,Spanish,False,222.0,255.0,0.4664,1949.0,62681.0,Wood,0.00761,493.0,477.0,-0.0325,458.0,485.0,461.0,429.0,450.0,500.0,450.0,41.3,36.9,40.9,38.8,225.0,223.0,72.0,71.0,86.0,18.0,135.0,84.0,131.0,0.283,0.1761,1.0,1.0,0.0,0.27,117.0,199.0,426.0,295.0,0.0,143.0,0.6556,0.6556,0.3178,0.02725,0.03145,0.03145,0.10273,0.32704,0.38155,0.09853,562,0,0,0,95,94
Sellwood Middle School,middle,Regular School,888.0,411004000936.0,8300 SE 15th Ave,Portland,97202,45.4626,-122.6506,False,,False,False,,targeted,,,False,,False,,,,1914.0,86823.0,LRCW,0.00652,575.0,566.0,-0.0157,613.0,587.0,550.0,554.0,563.0,567.0,563.0,71.3,65.7,67.6,61.6,551.0,548.0,75.0,93.0,92.0,29.0,1.0,84.0,29.0,0.0018,0.1484,3.0,0.0,0.0,0.25,107.0,171.0,553.0,60.0,8.0,28.0,0.1066,0.1208,0.0497,0.0,0.01943,0.0,0.00707,0.07951,0.79505,0.09894,747,10,3,1,631,291
Sitton Elementary School,elementary,Regular School,889.0,411004000937.0,9930 N Smith St,Portland,97203,45.6,-122.7584,False,,True,False,,targeted,,Spanish DLI,True,Spanish,False,138.0,208.0,0.4,1949.0,58762.0,Wood,0.00589,339.0,346.0,0.0206,367.0,374.0,339.0,307.0,345.0,335.0,345.0,40.1,38.9,41.4,39.3,162.0,162.0,56.0,74.0,81.0,20.0,91.0,71.0,122.0,0.263,0.2052,1.0,0.5,0.0,0.25,42.0,176.0,305.0,243.0,0.0,137.0,0.7043,0.7043,0.3971,0.00578,0.03179,0.01156,0.11561,0.39306,0.32948,0.11272,691,0,0,0,69,65
Stephenson Elementary School,elementary,Regular School,892.0,411004000940.0,2627 SW Stephenson St,Portland,97219,45.4409,-122.704,False,,False,False,,targeted,,,False,,False,,,,1965.0,40539.0,Wood,0.00693,285.0,281.0,-0.014,347.0,371.0,323.0,320.0,307.0,310.0,307.0,77.6,76.9,80.0,73.1,147.0,147.0,90.0,83.0,85.0,21.0,10.0,48.0,15.0,0.0356,0.1708,1.5,0.0,0.0,0.25,3.0,40.0,314.0,25.0,3.0,13.0,0.0814,0.0912,0.0423,0.00356,0.03559,0.0,0.02847,0.09609,0.68327,0.15302,0,201,155,2,23,22
Sunnyside Environmental School,k8,Regular School,893.0,411004000941.0,3421 SE Salmon St,Portland,97214,45.5146,-122.6289,False,,False,False,,,,Environmental focus,False,,True,,,,1925.0,54361.0,LRCW,0.00892,461.0,485.0,0.0521,581.0,549.0,525.0,470.0,465.0,447.0,465.0,60.8,52.9,59.8,51.3,310.0,309.0,81.0,96.0,89.0,25.0,6.0,97.0,17.0,0.0124,0.2,1.5,0.5,0.0,0.25,36.0,137.0,470.0,85.0,18.0,48.0,0.1828,0.2215,0.1032,0.0,0.01237,0.00206,0.01443,0.10309,0.74227,0.12577,203,186,88,3,128,21
Vernon Elementary School,k8,Regular School,895.0,411004000944.0,2044 NE Killingsworth St,Portland,97211,45.5624,-122.6439,False,,False,True,2450000.0,planned_targeted,,,False,,False,,,,1931.0,68091.0,LRCW,0.00792,564.0,539.0,-0.0443,546.0,608.0,570.0,517.0,555.0,579.0,555.0,56.1,53.5,52.4,45.1,379.0,388.0,71.0,97.0,88.0,24.0,28.0,68.0,113.0,0.0519,0.1262,2.0,0.0,0.0,0.25,53.0,166.0,517.0,360.0,0.0,108.0,0.6486,0.6486,0.1946,0.00742,0.00742,0.0,0.141,0.12245,0.55102,0.17069,336,84,60,1,291,180
Vestal Elementary School,elementary,Regular School,896.0,411004000945.0,161 NE 82nd Ave,Portland,97220,45.5246,-122.5796,False,,True,False,,,DBRAC 2018,,False,,False,,,,1929.0,63382.0,LRCW,0.00451,257.0,286.0,0.1128,272.0,249.0,228.0,207.0,230.0,225.0,230.0,36.9,30.9,35.0,34.0,117.0,117.0,70.0,76.0,73.0,18.0,25.0,48.0,44.0,0.0874,0.1678,2.5,0.5,0.0,0.27,78.0,90.0,204.0,152.0,0.0,58.0,0.6609,0.6609,0.2522,0.0,0.05944,0.02098,0.12937,0.18881,0.45804,0.14336,252,186,72,3,330,135
West Sylvan Middle School,middle,Regular School,898.0,411004000947.0,8111 SW West Slope Dr,Portland,97225,45.504712,-122.760447,False,,False,False,,,,Spanish DLI,True,Spanish,False,116.0,569.0,0.1698,1954.0,102209.0,Wood,0.0067,670.0,685.0,0.0224,822.0,833.0,800.0,730.0,757.0,723.0,757.0,69.4,63.3,69.1,56.3,671.0,655.0,76.0,87.0,77.0,29.0,6.0,68.0,106.0,0.0088,0.0993,2.8,0.0,0.0,0.25,70.0,213.0,729.0,91.0,8.0,37.0,0.1202,0.1308,0.0489,0.00584,0.07737,0.00146,0.04672,0.12847,0.58394,0.1562,13946,1043,103,12,1936,81
Winterhaven School,k8,Regular School,1364.0,411004001102.0,3830 SE 14th Ave,Portland,97202,45.4949,-122.6509,False,,False,True,810000.0,planned_targeted,,STEAM focus,False,,True,,,,1930.0,38092.0,LRCW,0.0083,322.0,316.0,-0.0186,321.0,299.0,291.0,292.0,313.0,315.0,313.0,88.4,86.6,81.5,83.5,232.0,231.0,88.0,91.0,89.0,25.0,2.0,26.0,12.0,0.0063,0.0823,1.5,0.0,0.0,0.25,4.0,48.0,292.0,54.0,8.0,19.0,0.1725,0.1981,0.0607,0.00316,0.05696,0.0,0.01266,0.08544,0.70253,0.13924,896,374,100,3,353,164
Woodlawn Elementary School,elementary,Regular School,902.0,411004000952.0,7200 NE 11th Ave,Portland,97211,45.575,-122.6532,False,,True,False,,targeted,,,False,,False,,,,1926.0,58608.0,LRCW,0.00551,306.0,323.0,0.0556,335.0,308.0,318.0,285.0,287.0,299.0,287.0,51.9,52.6,48.6,47.3,160.0,158.0,66.0,77.0,86.0,17.0,25.0,68.0,110.0,0.0774,0.2105,1.5,0.0,0.0,0.25,34.0,122.0,280.0,186.0,0.0,80.0,0.6481,0.6481,0.2787,0.00619,0.00619,0.0,0.26006,0.2322,0.37152,0.12384,391,0,0,0,72,71
Woodstock Elementary School,elementary,Regular School,904.0,411004000954.0,5601 SE 50th Ave,Portland,97206,45.4821,-122.612,False,,False,False,,,,Chinese DLI,True,Chinese,False,190.0,176.0,0.5177,1910.0,69135.0,Wood,0.00529,393.0,366.0,-0.0687,548.0,543.0,528.0,479.0,491.0,451.0,491.0,63.9,62.1,61.9,55.6,233.0,232.0,86.0,97.0,93.0,19.5,80.0,51.0,23.0,0.2186,0.1393,2.0,0.0,0.0,0.25,27.0,95.0,478.0,103.0,23.0,46.0,0.2098,0.2566,0.0937,0.0,0.22951,0.0,0.02459,0.09016,0.46175,0.19399,0,0,0,0,191,78
da Vinci Middle School,middle,Regular School,1363.0,411004001079.0,2508 NE Everett,Portland,97232,45.5246,-122.6402,False,,False,False,,,,,False,,False,,,,1928.0,91876.0,LRCW,0.00467,427.0,429.0,0.0047,456.0,450.0,443.0,415.0,434.0,406.0,434.0,64.7,33.4,57.1,37.6,399.0,392.0,67.0,85.0,85.0,28.0,2.0,68.0,70.0,0.0047,0.1585,2.0,0.0,0.0,0.27,55.0,137.0,415.0,130.0,18.0,45.0,0.2995,0.341,0.1037,0.00699,0.00932,0.0,0.05128,0.17249,0.64103,0.11888,1521,569,176,12,900,71
ACCESS Academy,alternative,alternative,,,6318 S Corbett Ave,Portland,97239,45.4783395,-122.6753753,False,,,,,,,TAG / accelerated focus,False,,True,,,,,,,,,,,,,,,,,,,,,,,,,,,,,,,,,,,,,,,,,,,,,,,,,,,,,47,100,40,1,52,48
